laudo,tipo_imovel_valor,tipo_imovel_status,endereco_valor,endereco_status,ano_construcao_valor,ano_construcao_status,valor_avaliacao_valor,valor_avaliacao_status,matricula_valor,matricula_status,onus_valor,onus_status,data_vistoria_valor,data_vistoria_status,responsavel_tecnico_valor,responsavel_tecnico_status,area_principal_valor,area_principal_status,area_principal_rotulo_original,area_secundaria_valor,area_secundaria_status,area_secundaria_rotulo_original
laudo_01,apartamento,ok,"Rua das Acácias, 145, ap. 82 - Vila Mariana, São Paulo/SP",ok,2014,ok,642000.0,ok,184.772 do 14º CRI de São Paulo,ok,não foram identificados ônus na certidão analisada,ok,2025-03-12,ok,Eng. Marina Albuquerque - CREA-SP 5061234567,ok,78.4,ok,área privativa,102.1,ok,área total
laudo_02,casa térrea,ok,"Av. Central, 900, bloco B, Belo Horizonte - MG",ok,2008,ok,680000.0,ok,"45.981, Cartório do 3º Ofício",ok,sem gravames conhecidos,ok,2025-03-18,ok,"Carlos Henrique Moura, CAU A123456-7",ok,146.0,ok,área construída,250.0,ok,lote
laudo_03,sala comercial,ok,"Rua do Comércio, 77, Curitiba/PR",ok,2014,ok,395500.0,ok,Matrícula 77.201 - 5º Registro de Imóveis,ok,Consta alienação fiduciária em favor de instituição financeira,ok,2025-03-22,ok,Arq. Beatriz Nunes (CAU A987654-3),ok,54.8,ok,área útil,18.2,ok,área comum proporcional
laudo_04,terreno urbano,ok,"Lote 18, Quadra F, Rua Ipê Amarelo, Goiânia/GO",ok,,nao_aplicavel,218000.0,ok,102.334,ok,,ausente,2025-04-02,ok,"Paulo Sérgio Reis, CREA 12345/D-GO",ok,,nao_aplicavel,,360.0,ok,Área do terreno
laudo_05,imóvel rural,ok,"Campinas, SP",ok,1999,ok,1275000.0,ok,32.110,ok,reserva legal registrada; não foi apontada hipoteca,ok,2025-04-07,ok,"João A. Farias, CREA-SP 5076543210",ok,310.0,ok,benfeitorias construídas,48000.0,ok,Área do terreno
laudo_06,apartamento,ok,"Rua das Palmeiras, 1.210, Recife/PE, CEP 50000-100",ok,2018,ok,455000.0,ok,"9.876, 2º RGI do Recife",ok,,ausente,2025-04-15,ok,"Fernanda Lins, CREA 18001/PE",ok,61.0,ok,área privativa,84.0,ok,área total
laudo_07,Casa geminada,ok,"Rua Azul, 33, bairro Jardim Europa, Porto Alegre - RS",ok,2011,ok,372000.0,ok,Matrícula 66.504 do Registro de Imóveis da 4ª Zona,ok,Há penhora averbada,ok,2025-04-20,ok,"Eng. Rafael Costa, CREA-RS 222333",ok,92.5,ok,área edificada,125.0,ok,Terreno
laudo_08,loja térrea com sobreloja,ok,"Rua Sete de Setembro, 410, Salvador/BA",ok,2005,ok,910000.0,ok,,ausente,,ausente,2025-04-29,ok,Luciana Prado - CNAI 12345,ok,118.0,ok,Área construída aproximada,,ausente,
laudo_09,casa residencial,ok,"Alameda das Flores 88, Florianópolis/SC",ok,2020,ok,1080000.0,ok,"Matrícula 12.909, 1º Ofício",ok,inexistência de ônus reais,ok,2025-05-03,ok,"Eng. Thiago Martins, CREA-SC 7654321",ok,198.0,ok,área construída,420.0,ok,área do lote
laudo_10,apartamento,ok,"SQN 214, bloco C, apto 407, Condomínio Parque Norte, Brasília/DF",ok,2016,ok,735000.0,ok,201.443,ok,alienação fiduciária,ok,2025-05-09,ok,"Denise Carvalho, CREA-DF 112233",ok,96.3,ok,Área privativa,127.6,ok,Área total
laudo_11,Terreno,ok,"Rua Projetada 4, s/n, Santos, SP",ok,,nao_aplicavel,2450000.0,ok,88.710,ok,,ausente,2025-05-16,ok,"Marcos Vieira, Eng. Civil, CREA-SP 5099988776",ok,,nao_aplicavel,,1020.0,ok,Superfície
laudo_12,casa,ok,"Rua das Bromélias, 500, Lago Sul, Brasília - DF",ok,2012,ok,2180000.0,ok,54.122,ok,servidão de passagem registrada,ok,2025-05-23,ok,"Arq. Andréa Melo, CAU A445566-1",ok,285.0,ok,área construída,600.0,ok,terreno
laudo_13,Apartamento,ok,"Av. Brasil 1770, ap. 1201, Rio de Janeiro/RJ",ok,1987,ok,1320000.0,ok,Matrícula 145.230 do 7º RGI,ok,"penhora cancelada, conforme averbação",ok,2025-05-30,ok,"Eduardo Sampaio, CNAI 67890",ok,112.0,ok,Área útil,155.0,ok,Área total
laudo_14,galpão industrial,ok,"Rodovia BR-116, km 12, Betim/MG",ok,2007,ok,3900000.0,ok,70.008,ok,,ausente,2025-06-05,ok,"Sérgio Tavares, CREA-MG 998877",ok,1450.0,ok,Área coberta,3000.0,ok,terreno
laudo_15,casa,ok,"Rua Monte Verde, 19, Curitiba-PR",ok,2003,ok,590000.0,ok,39.240,ok,hipoteca ativa,ok,2025-06-12,ok,"Patrícia Gomes, Eng. Civil, CREA-PR 123123",ok,135.0,ok,área construída,200.0,ok,área do terreno
laudo_16,sala comercial,ok,"Rua do Sol, 250, Campinas/SP",ok,2010,ok,288000.0,ok,101.010,ok,,ausente,2025-06-19,ok,"Guilherme Rocha, CREA-SP 501010",ok,42.0,ok,Área privativa,67.0,ok,Área total
laudo_17,apartamento,ok,"Rua Harmonia, 44, Vila Madalena, São Paulo/SP",ok,2015,ok,610000.0,ok,176.543,ok,"não há ônus, segundo declaração do proprietário; certidão não anexada",ok,2025-06-25,ok,"Marina Albuquerque, CREA-SP 5061234567",ok,70.0,ok,área privativa,,contraditorio,
